title,filename
1. How Much Water Grass Actually Needs,how-much-water-grass-actually-needs.html
2. How Often Lawns Should Be Watered,how-often-lawns-should-be-watered.html
3. Best Time of Day to Water a Lawn,best-time-of-day-to-water-a-lawn.html
4. Worst Time of Day to Water Grass,worst-time-of-day-to-water-grass.html
5. How Long to Water a Lawn Each Time,how-long-to-water-a-lawn-each-time.html
6. Signs a Lawn Is Overwatered,signs-a-lawn-is-overwatered.html
7. Signs a Lawn Is Underwatered,signs-a-lawn-is-underwatered.html
8. How to Tell If Water Is Reaching Roots,how-to-tell-if-water-is-reaching-roots.html
9. Why Shallow Watering Fails,why-shallow-watering-fails.html
10. Why Deep Watering Works Better,why-deep-watering-works-better.html
11. How Soil Type Affects Watering,how-soil-type-affects-watering.html
12. How Clay Soil Handles Water,how-clay-soil-handles-water.html
13. How Sandy Soil Handles Water,how-sandy-soil-handles-water.html
14. How Compacted Soil Affects Drainage,how-compacted-soil-affects-drainage.html
15. Why Water Pools on Lawns,why-water-pools-on-lawns.html
16. Why Water Runs Off Instead of Soaking In,why-water-runs-off-instead-of-soaking-in.html
17. How Slope Affects Lawn Watering,how-slope-affects-lawn-watering.html
18. How to Water Sloped Lawns Properly,how-to-water-sloped-lawns-properly.html
19. Why Lawns Stay Wet Too Long,why-lawns-stay-wet-too-long.html
20. How Long Grass Can Stay Wet Safely,how-long-grass-can-stay-wet-safely.html
21. Why Standing Water Kills Grass,why-standing-water-kills-grass.html
22. How Drainage Problems Start,how-drainage-problems-start.html
23. Signs of Poor Lawn Drainage,signs-of-poor-lawn-drainage.html
24. How Drainage Problems Spread,how-drainage-problems-spread.html
25. Why Drainage Gets Worse Over Time,why-drainage-gets-worse-over-time.html
26. Difference Between Surface and Subsurface Drainage,difference-between-surface-and-subsurface-dra.html
27. What Lawn Drainage Systems Do,what-lawn-drainage-systems-do.html
28. When a Lawn Needs Drainage Help,when-a-lawn-needs-drainage-help.html
29. How Rainfall Patterns Affect Lawns,how-rainfall-patterns-affect-lawns.html
30. Why Heavy Rain Damages Lawns,why-heavy-rain-damages-lawns.html
31. Why Light Frequent Rain Can Be Worse,why-light-frequent-rain-can-be-worse.html
32. How Drought Changes Soil Behavior,how-drought-changes-soil-behavior.html
33. How Long Lawns Can Go Without Water,how-long-lawns-can-go-without-water.html
34. Can Lawns Recover After Drought,can-lawns-recover-after-drought.html
35. Why Overwatering Causes Disease,why-overwatering-causes-disease.html
36. Why Underwatering Weakens Grass,why-underwatering-weakens-grass.html
37. How Watering Affects Root Depth,how-watering-affects-root-depth.html
38. How to Encourage Deeper Roots,how-to-encourage-deeper-roots.html
39. Why Newly Planted Grass Needs Different Water,why-newly-planted-grass-needs-different-water.html
40. How to Water New Lawns Properly,how-to-water-new-lawns-properly.html
41. How Long New Grass Needs Extra Water,how-long-new-grass-needs-extra-water.html
42. Can You Overwater New Grass,can-you-overwater-new-grass.html
43. Why Established Lawns Need Less Water,why-established-lawns-need-less-water.html
44. How Shade Affects Water Needs,how-shade-affects-water-needs.html
45. How Sun Exposure Changes Water Demand,how-sun-exposure-changes-water-demand.html
46. Why Lawns Near Concrete Dry Faster,why-lawns-near-concrete-dry-faster.html
47. How Heat Changes Water Requirements,how-heat-changes-water-requirements.html
48. Why Wind Increases Water Loss,why-wind-increases-water-loss.html
49. How Humidity Affects Watering,how-humidity-affects-watering.html
50. Why Lawns Look Worse After Watering,why-lawns-look-worse-after-watering.html
51. How Irrigation Systems Actually Work,how-irrigation-systems-actually-work.html
52. Difference Between Sprinklers and Drip Systems,difference-between-sprinklers-and-drip-system.html
53. When Sprinkler Systems Make Sense,when-sprinkler-systems-make-sense.html
54. When Drip Irrigation Is Better,when-drip-irrigation-is-better.html
55. How Even Water Distribution Matters,how-even-water-distribution-matters.html
56. Why Some Lawn Areas Stay Dry,why-some-lawn-areas-stay-dry.html
57. Why Some Lawn Areas Stay Wet,why-some-lawn-areas-stay-wet.html
58. How to Spot Irrigation Coverage Gaps,how-to-spot-irrigation-coverage-gaps.html
59. How Irrigation Timing Affects Results,how-irrigation-timing-affects-results.html
60. Why Night Watering Can Cause Problems,why-night-watering-can-cause-problems.html
61. Why Morning Watering Is Usually Best,why-morning-watering-is-usually-best.html
62. How Water Pressure Affects Irrigation,how-water-pressure-affects-irrigation.html
63. How Clogged Systems Affect Lawns,how-clogged-systems-affect-lawns.html
64. Why Irrigation Systems Drift Over Time,why-irrigation-systems-drift-over-time.html
65. How Seasonal Changes Affect Watering,how-seasonal-changes-affect-watering.html
66. Why Spring Watering Is Tricky,why-spring-watering-is-tricky.html
67. Why Summer Watering Is Critical,why-summer-watering-is-critical.html
68. Why Fall Watering Is Often Missed,why-fall-watering-is-often-missed.html
69. Should Lawns Be Watered in Winter,should-lawns-be-watered-in-winter.html
70. How Freezing Temperatures Affect Watering,how-freezing-temperatures-affect-watering.html
71. How Watering Impacts Weed Growth,how-watering-impacts-weed-growth.html
72. Why Overwatering Encourages Weeds,why-overwatering-encourages-weeds.html
73. How Drainage Affects Weed Problems,how-drainage-affects-weed-problems.html
74. How Water Stress Attracts Pests,how-water-stress-attracts-pests.html
75. Why Poor Drainage Encourages Disease,why-poor-drainage-encourages-disease.html
76. How Long It Takes Water Issues to Show,how-long-it-takes-water-issues-to-show.html
77. Why Fixing Water Problems Takes Time,why-fixing-water-problems-takes-time.html
78. Can Lawns Recover After Flooding,can-lawns-recover-after-flooding.html
79. How Flooding Changes Soil Structure,how-flooding-changes-soil-structure.html
80. Why Some Lawns Never Dry Out,why-some-lawns-never-dry-out.html
81. How Lawn Age Affects Water Needs,how-lawn-age-affects-water-needs.html
82. Why New Construction Lawns Drain Poorly,why-new-construction-lawns-drain-poorly.html
83. How Soil Settling Affects Drainage,how-soil-settling-affects-drainage.html
84. Why Water Problems Reappear Each Year,why-water-problems-reappear-each-year.html
85. How to Diagnose Water Issues Correctly,how-to-diagnose-water-issues-correctly.html
86. Common Lawn Watering Myths,common-lawn-watering-myths.html
87. Mistakes That Waste Lawn Water,mistakes-that-waste-lawn-water.html
88. Mistakes That Damage Lawns With Water,mistakes-that-damage-lawns-with-water.html
89. How Long It Takes to Fix Drainage,how-long-it-takes-to-fix-drainage.html
90. When Water Problems Are Permanent,when-water-problems-are-permanent.html
91. Signs Watering Changes Are Working,signs-watering-changes-are-working.html
92. Signs Watering Changes Are Failing,signs-watering-changes-are-failing.html
93. When to Adjust Watering Schedules,when-to-adjust-watering-schedules.html
94. How to Prepare Lawns for Rainy Seasons,how-to-prepare-lawns-for-rainy-seasons.html
95. How to Prepare Lawns for Dry Seasons,how-to-prepare-lawns-for-dry-seasons.html
96. How Climate Affects Lawn Watering,how-climate-affects-lawn-watering.html
97. Why Lawns Fail Despite Regular Watering,why-lawns-fail-despite-regular-watering.html
98. When Watering Is Not the Real Problem,when-watering-is-not-the-real-problem.html
99. How Watering Interacts With Soil Health,how-watering-interacts-with-soil-health.html
100. When Lawn Water Issues Mean Starting Over,when-lawn-water-issues-mean-starting-over.html
